,SMILES,STABILITY_SCORE,CHEMBL_ID
27,COc1ccc(Cl)cc1N1CCN(CC1)C(=O)c1cc(n[nH]1)-c1ccc(Cl)cc1,2.0,CHEMBL1760331
40,CC1(COC1)c1ccc(cc1)-c1ccc(cn1)C#N,0.6,CHEMBL2386149
123,Cc1cc(cc(n1)C(F)(F)F)-c1nnc(N)nc1-c1ccccc1,1.4,CHEMBL2024119
132,O=C(N[C@H]1CN2CCC1CC2)c1ccc2occc2c1,2.0,CHEMBL378471
176,N[C@@H](CC(=O)N1CCC[C@H]1CNC(=O)C1CC1)Cc1cc(F)c(F)cc1F,2.0,CHEMBL563648
218,Oc1c(cc(Cl)c2cccnc12)C(NC(=O)COc1ccccc1)c1cccc(c1)[N+]([O-])=O,0.1,CHEMBL480567
219,CC(C)N1C(=O)C(=Cc2ccccc12)C(=O)N[C@@H]1C[C@@H]2CC[C@H](C1)N2CC(O)CN(C)C(=O)N(C)C,90.0,CHEMBL2087331
224,CC(C)(C)c1ccc(OCC(=O)NC(c2ccccc2Cl)c2cc(Cl)c3cccnc3c2O)cc1,0.4,CHEMBL481320
268,NCCCCN(C[C@H]1Cc2ccccc2CN1)[C@H]1CCCc2cccnc12,0.7,CHEMBL3091687
277,CC[C@H](C)[C@@H](N)C(=O)OC[C@H]1O[C@H]([C@@H](O)[C@@H]1O)n1cnc2c(N)ncnc12,0.3,CHEMBL474852
283,CNCCC(c1ccc2ccccc2c1)n1ncnn1,0.2,CHEMBL1224227
292,COc1ccc(cc1)C(NC(=O)COc1cccnc1)c1cc(Cl)c2cccnc2c1O,0.3,CHEMBL512902
301,CNCC(O)CCN1c2ccccc2N(c2ccccc2F)S1(=O)=O,0.1,CHEMBL1083083
359,CNC[C@@H](O)CCN1c2ccccc2N(c2cccc(OC)c2)S1(=O)=O,0.2,CHEMBL1085323
364,CC(=O)c1ccc(NCC(=O)NC(c2cccc(c2)[N+]([O-])=O)c2cc(Cl)c3cccnc3c2O)cc1,0.1,CHEMBL474814
397,O=S1(=O)CCC(CC1)Oc1ccc2OC3(CCN(CC3)C3CCC3)CCc2c1,0.7,CHEMBL1935425
404,Nc1nnc(-c2ccccc2)c(n1)-c1ccccc1,0.4,CHEMBL1370747
418,Cc1ccc(Nc2nc(cs2)-c2ccncc2)nc1,0.3,CHEMBL1672204
422,CS(=O)(=O)c1cccc(Oc2cccc(c2)-n2c(Cc3ccc(F)cc3)nc3c(cccc23)C(F)(F)F)c1,0.5,CHEMBL594062
433,Cc1cc(NCC(=O)NC(c2cccc(F)c2)c2cc(Cl)c3cccnc3c2O)ccc1Cl,0.1,CHEMBL475029
467,Fc1cccc(COc2ccccc2N2CCN(CC2)C(=O)c2cc(n[nH]2)-c2ccc(Cl)cc2)c1,0.1,CHEMBL1760332
472,Cc1nc2ccccc2n1-c1cccc(Oc2cccc(c2)S(C)(=O)=O)c1,0.3,CHEMBL595482
481,COc1ccccc1N1CCN(CC1(C)C)C(=O)c1cc(n[nH]1)-c1ccc(Cl)cc1,2.5,CHEMBL1760204
501,Cc1ccc(cc1)C(NC(=O)CNc1ccc(cc1)C#N)c1cc(Cl)c2cccnc2c1O,0.1,CHEMBL474789
504,O[C@@H](CC[C@@H]1[C@H](N(C1=O)c1ccc(F)cc1)c1ccc(O[C@@H]2O[C@@H]([C@@H](O)[C@H](O)[C@H]2O)C(O)=O)cc1)c1ccc(F)cc1,1.0,CHEMBL321017
533,Oc1c(cc(Cl)c2cccnc12)C(NC(=O)CNCc1ccccc1)c1cccc(F)c1,0.2,CHEMBL475867
538,CN1N=C(N=C2C(=O)N(C)C(=O)N=C12)c1ccc(cc1)C(F)(F)F,2.3,CHEMBL1096283
597,CC(C)c1nc2c(Cl)cccc2n1-c1cccc(Oc2cccc(c2)S(C)(=O)=O)c1,0.1,CHEMBL594063
602,CN[C@H]1CC[C@@H](c2ccc(Cl)c(Cl)c2)c2ccccc12,0.4,CHEMBL809
641,CC1(CCN(C(=O)O1)c1cccc(c1)-c1ccccc1)c1ccccc1,0.3,CHEMBL1829750
663,CNC(=O)c1cc(OC)c(O[C@@H](C)C(=O)N2CCN(C[C@H]2C)C(=O)c2ccccc2)cn1,2.0,CHEMBL568903
670,CCCc1nc(c(C(=O)OC(C)OC(=O)OC2CCCCC2)n1Cc1ccc(cc1)-c1ccccc1-c1nnn[nH]1)C(C)(C)O,0.0,CHEMBL2338104
702,CN(CC(=O)NC(c1cccc(c1)[N+]([O-])=O)c1cc(Cl)c2cccnc2c1O)c1ccccc1,0.3,CHEMBL473841
708,Cc1nc(c(s1)C(=O)N1CCCCC1CNc1ccc(cn1)C(F)(F)F)-c1ccccc1,2.0,CHEMBL2031483
720,COc1ccccc1N1CCN(CC1)C(=O)c1cc([nH]c1C)-c1ccc(Cl)cc1,0.3,CHEMBL1760207
735,CS(=O)(=O)N1CCC(CC1)Oc1ccc2OC3(CCN(CC3)C3CCC3)CCc2c1,0.7,CHEMBL2013045
778,OCCONC(=O)C1=C2CCCN2C(=O)C(F)=C1Nc1ccc(I)cc1F,2.1,CHEMBL2012902
794,CCC1=C([C@@H](NC(=O)N1)c1ccc(O)c(Cl)c1)C(=O)OCC1CCCCC1,0.1,CHEMBL2011137
809,CC(C)S(=O)(=O)C1=CC(=O)N(C=C1)[C@@H](CC1CCCC1)C(=O)Nc1ccn(C)n1,0.1,CHEMBL1783758
821,CC1=C(Br)C(=O)N(Cc2ccccc2C#N)C(=N1)N1CCC[C@@H](N)C1,0.4,CHEMBL1650406
828,CN1CCc2cc(ccc2C1)-c1ccc2oc3c(N(CCN4CCC(F)(F)C4)C(=O)N=C3c3ccccc3)c2c1,0.1,CHEMBL2376390
831,Clc1ccc(C2=CC(=O)N(C=C2)c2ccc3n(CCN4CCCC4)ncc3c2)c(Cl)c1,1.1,CHEMBL1290150
849,CNCCCOc1cc(F)c(c(F)c1)-c1c(Cl)nc(nc1N[C@@H](C)C(F)(F)F)-c1cnccn1,1.0,CHEMBL461442
866,Clc1ccc(Cl)c(CNc2ncc(C(=O)NCCCN3CCCC3=O)c(NC3CCCC3)n2)c1,0.1,CHEMBL2312303
872,CS(=O)(=O)c1cc(F)cc(c1)-c1cc(ncn1)N1CC(N)C(C1)c1cc(F)c(F)cc1F,3.0,CHEMBL246529
885,N[C@@H]1CCCN(C1)C1=CC(=O)NC(=O)N1Cc1ccccc1Br,2.0,CHEMBL1650438
895,Clc1ccc2cc(ccc2c1)S(=O)(=O)N[C@H]1CCCN(CC(=O)N2C[C@@H]3C[C@H](C2)C2=CC=CC(=O)N2C3)C1=O,0.0,CHEMBL1923468
909,CC(C)NC(=O)c1cccc(c1)-c1cc([nH]n1)-c1ccc(N2CCN(C)CC2)c(Br)c1,0.1,CHEMBL1683314
976,CCNCC(=O)Nc1ccc(cc1)C1=NC(=O)N(CCOC)c2c1oc1ccc(cc21)-c1ccc2CN(C)CCc2c1,2.3,CHEMBL2376403
1006,O=C(N1CCN(CC1)c1ccccn1)c1cccc(c1)C#Cc1ccccn1,0.1,CHEMBL1645008
1040,Cc1ccc(NC(=O)[C@H](CC2CCCC2)N2C=CC(=CC2=O)S(C)(=O)=O)nc1,0.1,CHEMBL1783736
1043,CS(=O)(=O)c1cccc(Oc2cccc(c2)-n2c(nc3c(cccc23)C(F)(F)F)-c2ccccc2)c1,0.5,CHEMBL595224
1102,Cc1ccc2c(NCc3ccc(NC(=O)c4ccc(F)cc4)cc3)nc(nc2c1)N1CCNC(C)(C)C1,0.1,CHEMBL569745
1122,CCOc1cc(NC(=N)c2ccccn2)ccc1-c1ccc(o1)-c1ccc(NC(=N)c2ccccn2)cc1OCC,2.0,CHEMBL1276549
1128,O=C(NCc1ccccc1)c1ccccc1C(=O)N1CCC[C@H]1C#N,0.6,CHEMBL2159745
1135,Cn1c(ccc1-c1cc2c(NC(=O)C2(C)C)cc1F)C#N,0.5,CHEMBL406235
1160,Cc1cc(cc(C)n1)-c1nnc(N)nc1-c1ccccc1,1.7,CHEMBL2024115
1161,CC(C)COC(=O)Nc1ccc(cc1)-c1cnc2c(cnn2c1N)-c1ccc(cc1)N1CCN(C)CC1,0.1,CHEMBL1085511
1195,CCCCCCCCn1cc(CN(CC)CC)c2cc(ccc12)-c1cnc(N)nc1,0.2,CHEMBL2376504
1235,CCCc1nc(c(C(=O)OCOC(=O)C23CC4CC(CC(C4)C2)C3)n1Cc1ccc(cc1)-c1ccccc1-c1nnn[nH]1)C(C)(C)O,0.0,CHEMBL1818841
1279,CC(C)N1C(=O)C(=Cc2ccccc12)C(=O)N[C@@H]1C[C@@H]2CC[C@H](C1)N2CCCN1CCN(CC1)S(C)(=O)=O,0.7,CHEMBL549449
1280,Cc1ccc(cc1)C(NC(=O)CNCc1ccccc1)c1cc(Cl)c2cccnc2c1O,0.2,CHEMBL473636
1285,CNC[C@@H](O)CCN1c2ccccc2N(c2ccc(F)cc2F)S1(=O)=O,0.5,CHEMBL1084312
1293,CN1C(=O)N=C2N(CCC3CC3)N=C(N=C2C1=O)c1nc2ccccc2s1,0.7,CHEMBL1095614
1315,CC(C)Cc1nc2c(cccc2n1-c1cccc(Oc2cccc(c2)S(C)(=O)=O)c1)C(F)(F)F,0.4,CHEMBL595012
1385,CCCCCN(C)C(=O)CN1CCCNCC1,0.1,CHEMBL2391380
1415,N[C@@H]1CCCN(C1)C1=NC=C(Br)C(=O)N1Cc1ccccc1C#N,1.6,CHEMBL1235761
1416,COc1ccc2cc(CC\C(C)=N\O)ccc2c1,0.5,CHEMBL202376
1426,Oc1c(cc(Br)c2cccnc12)C(NC(=O)COc1ccccc1)c1cccc(c1)[N+]([O-])=O,0.5,CHEMBL481896
1439,COCCCN1N=C(N=C2C(=O)N(C)C(=O)N=C12)c1cccc(OC(F)(F)F)c1,1.7,CHEMBL1096635
1479,Cc1nc2c(Cl)cccc2n1-c1cccc(Oc2cccc(c2)S(=O)(=O)C(F)(F)F)c1,0.5,CHEMBL596593
1496,NCc1c(ccc2nc[nH]c12)-c1ccc(Cl)cc1Cl,0.8,CHEMBL404544
1537,Cn1cc(Br)c(n1)C(=O)N1CCN(CC(=O)c2ccc(F)cc2)CC1,1.0,CHEMBL1214731
1547,N[C@@H]1CCCN(C1)C1=NC=C(\C=C\c2cccnc2)C(=O)N1Cc1ccccc1C#N,0.5,CHEMBL1650429
1559,COc1cc(OC)c(\C=C\S(=O)(=O)Cc2ccc(OC)c(N)n2)c(OC)c1,0.3,CHEMBL3261276
1560,CCN(CC)NC1=C(Nc2cccc(C(=O)N(C)C)c2O)C(=O)C1=O,1.4,CHEMBL577075
1580,Cc1noc(n1)-c1ccc2n(CCCc3nc4cc(F)ccc4[nH]3)c3CCCCc3c2c1,1.8,CHEMBL2179514
1584,CCC(C)(C)Cc1c[nH]c(CCc2ccc(cc2)-c2ccc(F)cn2)n1,0.1,CHEMBL1093184
1635,CN[C@H]1CC[C@@H](c2ccc(Cl)c(Cl)c2)c2ccc(cc12)S(N)(=O)=O,2.0,CHEMBL383706
1653,CC(C)(C)C(=O)OC1=COC(CSc2nc3ccccc3s2)=CC1=O,0.0,CHEMBL3093815
1658,CCCOc1cnc(CN\C=C2/C(=O)NC(=O)c3ccc(I)cc23)cc1O,0.5,CHEMBL477064
1671,CC(C)N1C(=O)C(=Cc2ccccc12)C(=O)N[C@@H]1C[C@@H]2CC[C@H](C1)N2CC(O)CNC(N)=O,90.0,CHEMBL2087326
1683,CNc1nc(NCc2ccc(NC(=O)c3ccc(cc3)-c3ccccc3)cc2)c2ccccc2n1,0.3,CHEMBL582809
1689,ONC(=O)\C=C\c1ccc2CN(CCc3c[nH]c4ccccc34)Cc2c1,0.1,CHEMBL1808644
1713,NS(=O)(=O)c1cc(Cl)cc(CNc2nc(NC3(CC3)C(F)(F)F)c3nc(ccc3n2)-c2ccc(F)cc2)c1,6.6,CHEMBL2018283
1722,COC1=CN=C(N2CCC[C@@H](N)C2)N(Cc2ccccc2C#N)C1=O,0.3,CHEMBL1650411
1733,Cl.Cl.CCCCCCc1nc2cc(\C=C\C(=O)NO)ccc2n1CCNCC,0.0,CHEMBL3216532
1739,CNc1nc(NCc2ccc(NC(=O)c3ccc(Cl)nc3)cc2)c2ccc(C)cc2n1,0.1,CHEMBL583242
1796,CC(C)(C)c1ccc(cc1)-c1ccnc(c1)C#N,0.1,CHEMBL2386142
1806,Cn1c(ccc1-c1cc2c(NC(=O)C2(C)C)c(F)c1)C#N,0.5,CHEMBL407848
1851,CNC[C@H](O)CCN1c2ccccc2N(c2ccc(F)c(F)c2)S1(=O)=O,0.5,CHEMBL1083430
1864,Cn1cnc(c1)S(=O)(=O)N(CCN(Cc1cncn1C)c1ccc(cc1)C#N)Cc1ccccc1,0.3,CHEMBL215769
1897,COc1ccccc1CNc1ncc(C(=O)NCCCN2CCCC2=O)c(NC2CCCC2)n1,0.3,CHEMBL2312301
1928,CN(C)c1nc(NCc2ccc(NC(=O)c3ccc(F)cc3)cc2)c2ccc(C=O)cc2n1,0.1,CHEMBL583544
1968,NC1CN(CC1c1cc(F)c(F)cc1F)c1cc(ncn1)-c1ccccc1,3.0,CHEMBL246782
1979,Cc1noc(n1)-c1ccc2n(CCCSc3cc(F)cc(F)c3)c3CCCC(=O)c3c2c1,0.4,CHEMBL2179106
2025,Oc1c(cc(Cl)c2cccnc12)C(NC(=O)COc1ccccc1)c1ccccc1[N+]([O-])=O,0.1,CHEMBL519950
2031,CC1=C(Nc2ccc(I)cc2F)C(C(=O)NOCCO)=C2CCCN2C1=O,0.7,CHEMBL2012908
2043,CNc1nc(NCc2ccc(NC(=O)c3ccc(Cl)cc3)cc2)c2ccccc2n1,0.5,CHEMBL571994
2051,C[C@H](NC(=O)c1cccc(c1)-c1cc(on1)-c1ccc(CNC2CCOCC2)cc1)C#N,1.0,CHEMBL1683441
2057,O=C(NCc1ccccc1)c1ccccc1C(=O)N1CCCCC1,0.1,CHEMBL2159747
2110,Fc1cccc(c1)S(=O)(=O)c1ccc2c3CCNC4(CCCOC4)c3oc2c1,0.4,CHEMBL1935601
2175,CC(C)(C#N)c1ccc(cc1)-c1ccc(cn1)C#N,1.2,CHEMBL2386147
2203,Cc1cc(cc(C)n1)-c1nnc(N)nc1-c1cccc(F)c1,1.3,CHEMBL2024118
2225,O=C1NN=C(C=C1)c1ccc(OC2CCN(CC2)C2CCC2)cc1,0.7,CHEMBL1950643
2233,CN(C)C(=O)c1ccc(cc1)-c1ccc2C(=O)N(CCN3CCCC3)CCc2c1,0.4,CHEMBL2031874
2247,Cc1ccc(nc1)N1CCN(CC1)C(=O)c1cccc(c1)C#Cc1ccccc1,0.2,CHEMBL1645011
2268,FC(F)(F)C1(CC1)c1ccc(cc1)-c1ccc(cn1)C#N,6.7,CHEMBL2386153
2270,NC(=O)c1ccsc1NC(=O)Cc1cccc(Br)c1,0.4,CHEMBL1767261
2292,COC(=O)[C@H](NP(=O)(OC[C@H]1O[C@H]([C@@H](O)[C@@H]1O)n1cnc2c(N)ncnc12)Oc1ccccc1)C(C)C,5.9,CHEMBL475394
2317,OC(c1ccc(cc1)N(CC(F)(F)F)S(=O)(=O)c1ccccc1)(C(F)(F)F)C(F)(F)F,0.5,CHEMBL62136
2320,Cl.Cl.CCCCc1nc2cc(\C=C\C(=O)NO)ccc2n1CCN(CC)CC,0.1,CHEMBL3215861
2366,COc1cc2N=C(N3CCC[C@@H](N)C3)N(Cc3ccccc3C#N)C(=O)c2cc1OC,1.8,CHEMBL227089
2453,CNc1nc(NCc2ccc(NC(=O)c3ccnc(Cl)c3)cc2)c2ccccc2n1,0.0,CHEMBL569754
2480,Cc1nc2c(cccc2n1-c1cccc(Oc2cccc(c2)S(=O)(=O)CCCO)c1)C(F)(F)F,0.4,CHEMBL596592
2518,Cn1c(ccc1-c1ccc2NC(=O)C(C)(C)c2c1F)C#N,0.0,CHEMBL270714
2520,Cc1cc(OCC(=O)NC(c2cccc(c2)[N+]([O-])=O)c2cc(Cl)c3cccnc3c2O)ccc1Cl,0.5,CHEMBL482365
2521,CCOC(=O)C1=C(C)N\C(=C\c2cc(C)n(c2C)-c2ccccc2C(F)(F)F)C1=O,0.7,CHEMBL600928
2533,CC(C)(CO)c1ccc(cc1)-c1ccc(cn1)C#N,2.1,CHEMBL2386146
2563,CNCCCCN1c2ccccc2N(c2ccccc2F)S1(=O)=O,0.1,CHEMBL1085831
2589,N[C@@H]1CCCN(C1)C1=NC=C(F)C(=O)N1Cc1cc(F)ccc1C#N,3.3,CHEMBL1650432
2604,CNC[C@H](O)CCN1c2ccccc2N(c2ccc(F)cc2)S1(=O)=O,0.5,CHEMBL1084828
2618,N[C@@H]1CCCN(C1)C1=NC=C(\C=C\c2ccc(F)cc2)C(=O)N1Cc1ccccc1C#N,3.3,CHEMBL1650428
2627,CN(C)C(=O)c1cccc(c1)-c1cc(ncn1)N1CC(N)C(C1)c1cc(F)c(F)cc1F,3.0,CHEMBL245781
2637,Cc1nc2c(Cl)cccc2n1-c1cc(Oc2cccc(c2)S(=O)(=O)C(F)(F)F)ccc1Cl,0.5,CHEMBL605723
2638,OC[C@@H](O)CONC(=O)C1=C2CCCN2C(=O)C(F)=C1Nc1ccc(I)cc1F,3.3,CHEMBL2012905
2685,CN(C)CCC(c1ccc2cc(F)ccc2c1)n1ncnn1,0.1,CHEMBL1224225
2703,CC(C)N1C(=O)C(=Cc2ccccc12)C(=O)N[C@@H]1C[C@@H]2CC[C@H](C1)N2CCCCCCCN1CCN(CC1)S(C)(=O)=O,1.5,CHEMBL555693
2712,CC(C(O)c1ccc(O)cc1)N1CCC(Cc2ccccc2)CC1,0.0,CHEMBL305187
2742,CC(C)c1ccc(cc1)-c1ccc(cn1)C#N,0.1,CHEMBL2386150
2745,N[C@@H]1CCCN(C1)C1=NC=C(F)C(=O)N1Cc1ccccc1C#N,3.3,CHEMBL1650404
2755,OCCONC(=O)C1=C2CCCN2C(=O)C(Cl)=C1Nc1ccc(I)cc1F,0.9,CHEMBL2012909
2797,OCCC1(CCN(C(=O)O1)c1cccc(c1)-c1ccc(F)cc1F)c1ccccc1,0.8,CHEMBL1829756
2804,CNC[C@@H](O)CCN1c2ccccc2N(c2cc(F)ccc2F)S1(=O)=O,0.1,CHEMBL1083118
2816,NC1CCCN(C1)C1=Nc2c(Cl)cccc2C(=O)N1Cc1ccccc1C#N,0.1,CHEMBL387552
2822,Cn1cncc1CN(CCN(Cc1ccccc1)S(=O)(=O)c1ccccn1)c1ccc(cc1)C#N,0.2,CHEMBL215476
2838,N[C@@H]1CCCN(C1)C1=Nc2ccc(Cl)cc2C(=O)N1Cc1ccccc1C#N,0.7,CHEMBL389074
2857,COc1ccc(cc1)C#Cc1cccc(c1)C(=O)N1CCN(CC1)c1ccccn1,0.1,CHEMBL1645005
2884,Cc1cc(NCC(=O)NC(c2cccc(c2)[N+]([O-])=O)c2cc(Cl)c3cccnc3c2O)ccc1Cl,0.2,CHEMBL475667
2893,N[C@@H]1CCCN(C1)C1=NC=C(I)C(=O)N1Cc1ccccc1C#N,1.0,CHEMBL1650408
2901,Nc1nnc(-c2ccc(O)c(Cl)c2)c(n1)-c1ccccc1,1.1,CHEMBL2024114
2915,CNc1nc(NCc2ccc(NC(=O)c3ccc(cc3)C#N)cc2)c2ccccc2n1,0.2,CHEMBL576864
2921,Cc1ccc(cc1)C(NC(=O)COCc1ccccc1)c1cc(Cl)c2cccnc2c1O,0.3,CHEMBL480188
2924,C[C@@H](NC(=O)c1cccc(c1)-c1cc(on1)-c1ccc(CNC2CCOCC2)cc1)C#N,2.4,CHEMBL1683440
2934,CCC(=O)NCCCc1cc(OC)ccc1CCc1cccc(OC)c1,0.1,CHEMBL2326201
2937,OC1CN(CCCCc2ccccc2)CCc2cc(O)ccc12,0.1,CHEMBL1289626
2944,CNc1nc(NCc2ccc(NC(=O)c3ccc(Cl)nc3)cc2)c2c(C)cccc2n1,0.0,CHEMBL569533
2945,CNc1nc(NCc2ccc(NC(=O)c3ccc(Cl)nc3)cc2)c2cc(C)ccc2n1,0.2,CHEMBL569321
2953,Cc1noc(n1)-c1ccc2n(CCCSc3cc(F)cc(F)c3)c3CCCCc3c2c1,1.0,CHEMBL2179510
2964,CNC[C@H](O)CCN1c2ccccc2N(c2c(F)cccc2F)S1(=O)=O,0.1,CHEMBL1083428
2966,OCCONC(=O)C1=C2CCCCN2C(=O)C(F)=C1Nc1ccc(I)cc1F,0.7,CHEMBL2012903
2974,CN(C)c1cccc(NCC(=O)NC(c2ccc(C)cc2)c2cc(Cl)c3cccnc3c2O)c1,0.1,CHEMBL475460
2988,Clc1ccccc1Nc1ccc2n(ncc2c1)-c1cccc(c1)C(=O)NCCCN1CCOCC1,0.1,CHEMBL2376919
3069,COc1ccccc1CNc1ncc(C(=O)NC2CCN(C)CC2)c(NC2CCCC2)n1,0.9,CHEMBL2312645
3076,Cc1ccc2c(NCc3ccc(NC(=O)c4ccc(F)cc4)cc3)nc(nc2c1)N1CCOCC1,0.1,CHEMBL569002
3081,C[C@@H](NC(=O)c1cccc(c1)-c1cc(on1)-c1ccc(cc1)N1CCN(C)CC1)C#N,0.0,CHEMBL1683431
3097,CNCCC(C)N1c2ccccc2N(c2ccccc2F)S1(=O)=O,0.0,CHEMBL1084042
3123,Oc1c(cc(Cl)c2cccnc12)C(NC(=O)COc1ccccc1)c1ccccc1F,0.1,CHEMBL482360
3133,CNC[C@@H](O)CCN1c2ccccc2N(c2ccccc2Cl)S1(=O)=O,0.1,CHEMBL1086035
3172,CNc1nc(NCc2ccc(NC(=O)c3ccc(F)cc3)cc2)c2cc(C)ccc2n1,0.1,CHEMBL568799
3202,CC(C)NC(=O)c1cccc(c1)-c1cc([nH]n1)-c1ccc(N2CCN(C)CC2)c(c1)-c1ccccc1,0.4,CHEMBL1683315
3222,Cc1noc(n1)-c1ccc2n(CC(F)COc3cc(F)cc(F)c3)c3CCCCc3c2c1,0.8,CHEMBL2179515
3226,Cn1cc(Br)c(n1)C(=O)N1CCN(CCc2ccc(F)cc2F)CC1,0.1,CHEMBL1214659
3248,CC1(CCN(C(=O)O1)c1cccc(c1)-c1ccc(F)cc1)c1ccccc1,1.0,CHEMBL1829753
3271,Oc1cccc(c1)-c1ccc(cc1)-c1cccc(O)c1,0.4,CHEMBL502908
3298,CCC1=C([C@@H](NC(=O)N1)c1ccc(O)c(Cl)c1)C(=O)CC1CCCCC1,0.1,CHEMBL2011145
3311,Cc1noc(n1)-c1ccc2n(CCCSc3ccc(F)c(F)c3)c3CCCCc3c2c1,0.4,CHEMBL2179511
3329,CNc1nc(NCc2ccc(NC(=O)c3ccc(Cl)nc3)cc2)c2ccccc2n1,0.3,CHEMBL569103
3332,Cc1cc(C(NC(=O)COc2ccccc2)c2cccc(c2)[N+]([O-])=O)c(O)c2ncccc12,0.1,CHEMBL475770
3354,CCCCCN(C)C(=O)CN1CCNC2(CCCCC2)C1,0.3,CHEMBL2391351
3358,CN(CC(=O)NC(c1ccccc1Cl)c1cc(Cl)c2cccnc2c1O)Cc1ccccc1,0.1,CHEMBL475598
3384,N[C@@H]1CCCN(C1)C1=CC(=O)NC(=O)N1Cc1ccccc1C#N,3.3,CHEMBL1650435
3385,CC(C)S(=O)(=O)c1cccc(Oc2cccc(c2)-n2c(C)nc3c(Cl)cccc23)c1,0.4,CHEMBL596591
3389,CC(C)NC(=O)c1cccc(c1)-c1cc([nH]n1)-c1ccc(N2CCN(C)CC2)c(c1)-c1ccncc1,0.8,CHEMBL1683422
3394,CC(C)N1C(=O)C(=Cc2ccccc12)C(=O)N[C@@H]1C[C@@H]2CC[C@H](C1)N2CC(O)CN(C)C(C)=O,90.0,CHEMBL2087325
3395,CNCCCN1c2ccccc2N(c2ccccc2F)S1(=O)=O,0.0,CHEMBL1085338
3430,CC(C)N1C(=O)C(=Cc2ccccc12)C(=O)N[C@@H]1C[C@@H]2CC[C@H](C1)N2CC(O)CNC(=O)N(C)C,90.0,CHEMBL2087330
3444,Cn1cncc1CN1CC(Cc2cc(ccc12)C#N)N(CC1CCN(CC1)C(=O)OC(C)(C)C)S(=O)(=O)c1ccccn1,0.2,CHEMBL231662
3451,CS(=O)(=O)c1cccc(Oc2cccc(c2)-c2c(CN3CCSC3)nc3c(cccn23)C(F)(F)F)c1,0.4,CHEMBL612007
3461,CNc1nc(NCc2ccc(NC(=O)c3ccc(F)cc3)cc2)c2cccc(C)c2n1,0.2,CHEMBL570656
3474,CC(C)COC(=O)Nc1ccc(cc1)-c1cnc2c(cnn2c1N)-c1cccc(c1)N1CCN(CC1)C(=O)CN,2.1,CHEMBL1082404
3492,N[C@@H]1CCCN(C1)C1=Nc2c(Cl)cc(Cl)cc2C(=O)N1Cc1ccccc1C#N,0.3,CHEMBL390529
3494,CN1CCN(Cc2ccc(NC(=O)c3ccc(C)c(c3)C#Cc3cnc4[nH]ncc4c3)cc2C(F)(F)F)CC1,0.9,CHEMBL2316582
3558,Nc1ncnc2n(cnc12)[C@@H]1O[C@H](CO)[C@@H](O)[C@@H]1O,0.3,CHEMBL1090
3573,COc1ccc2cc(CC\C(C)=N\O)ccc2c1,0.8,CHEMBL202376
3596,O=C(N1CCN(CC1)c1cnccn1)c1cccc(c1)C#Cc1ccccc1,0.1,CHEMBL1645009
3598,O[C@@H]1CCCC[C@@H]1c1ccc(C#N)c(c1)C(F)(F)F,0.1,CHEMBL458084
3617,Cc1nc2c(cccc2n1-c1cccc(Oc2cccc(c2)S(C)(=O)=O)c1)C(F)(F)F,0.5,CHEMBL594757
3656,CNCC[C@@H](c1ccc(Cl)c(Cl)c1)n1nnc(C)n1,0.9,CHEMBL1224382
3665,O=C(N1CCN(CC1)c1ccncn1)c1cccc(c1)C#Cc1ccccc1,0.1,CHEMBL1645010
3673,Cc1noc(n1)-c1ccc2n(CCCOc3cc(F)cc(F)c3)c3CCCCc3c2c1,0.9,CHEMBL2179508
3677,CNc1nc(NCc2ccc(NC(=O)c3ccc(Cl)nc3)cc2)c2cccc(C)c2n1,0.4,CHEMBL577072
3681,OCCONC(=O)C1=C2CCCN2C(=O)C(F)=C1Nc1ccc(cc1F)C#C,3.3,CHEMBL2012906
3702,CC(C)C[C@H](NC(=O)[C@@H](NC(=O)c1cccc(n1)-c1ccccc1)[C@@H](C)O)B(O)O,0.3,CHEMBL270515
3727,CC(C)c1cc(nc(N)n1)N1CC[C@@H](N)C1,2.0,CHEMBL3236549
3751,O[C@@H](CC[C@@H]1[C@H](N(C1=O)c1ccc(F)cc1)c1ccc(O)cc1)c1ccc(F)cc1,0.2,CHEMBL1138
3752,CN(C)C(C(=O)Nc1cc2C=CNC(=O)c2cc1Cl)c1ccccc1,0.1,CHEMBL1084107
3808,CNC(=O)NCC(O)CN1[C@H]2CC[C@@H]1C[C@@H](C2)NC(=O)C1=Cc2ccccc2N(C(C)C)C1=O,90.0,CHEMBL2087328
3819,COc1cccc(c1)C#Cc1cccc(c1)C(=O)N1CCN(CC1)c1ccccn1,0.1,CHEMBL1645003
3835,Cc1ccc(Nc2nc(cs2)-c2cc(no2)-c2ccccc2)nc1,2.5,CHEMBL1672206
3853,CNCCC(c1ccc2cc(F)ccc2c1)n1ncnn1,0.5,CHEMBL1224300
3865,Cc1nc(C(=O)N2CCC[C@H]([C@H]2CNC(=O)c2cccc3cccnc23)C(F)(F)F)c(s1)-c1ccccc1,3.0,CHEMBL2031487
3867,COc1c(C)cnc(CN2CC(=O)Nc3c(Cl)nc(N)nc23)c1C,1.0,CHEMBL561111
3921,CS(=O)(=O)c1cccc(c1)-c1cc(ncn1)N1CC(N)C(C1)c1cc(F)c(F)cc1F,3.0,CHEMBL428223
3946,CN(C)c1nc(NCc2ccc(NC(=O)c3ccc(F)cc3)cc2)c2ccc(C=C)cc2n1,0.1,CHEMBL569230
3948,CC1=NNC(=O)CC1c1ccc(OC2CCN(CC2)C2CCC2)cc1,0.7,CHEMBL1945846
3957,Clc1ccc(CNC(=O)C2=CNC(=O)C=C2)c(Cl)c1,3.2,CHEMBL568770
3965,Cl.Cl.CCCCc1nc2cc(\C=C\C(=O)NO)ccc2n1CCNC(C)C,0.1,CHEMBL3217189
3967,Cn1cnc(c1)S(=O)(=O)N(CCN(Cc1cncn1C)c1ccc(cc1)C#N)CC1CCN(CC1)C(=O)OC(C)(C)C,1.0,CHEMBL385072
4032,CNC[C@H](O)CCN1c2ccccc2N(c2cc(F)ccc2F)S1(=O)=O,0.1,CHEMBL1084313
4051,OC[C@H](O)CONC(=O)C1=C2CCCN2C(=O)C(F)=C1Nc1ccc(I)cc1F,3.3,CHEMBL2012904
4055,CC(O)c1ccc2c(NCc3ccc(NC(=O)c4ccc(F)cc4)cc3)nc(nc2c1)N(C)C,0.1,CHEMBL585143
4068,N[C@@H]1CCCN(C1)C1=NC=C(C=C)C(=O)N1Cc1ccccc1C#N,0.1,CHEMBL1650426
4093,COc1cc(cc2C(=O)NC(=Nc12)[C@H](N)Cc1cccc(F)c1)-c1cn[nH]c1,0.6,CHEMBL2333908
4095,COC(=O)N(C)CC(O)CN1[C@H]2CC[C@@H]1C[C@@H](C2)NC(=O)C1=Cc2ccccc2N(C(C)C)C1=O,90.0,CHEMBL2087333
4110,CCC(=O)NCCCc1cc(OC)ccc1-c1cccc(OC)c1,0.1,CHEMBL2326203
4113,N[C@@H]1CCCN(C1)C1=NC(=CC(=O)N1Cc1ccccc1C#N)c1ccccc1,0.2,CHEMBL1650412
4124,CN(CC(=O)NC(c1cccc(F)c1)c1cc(Cl)c2cccnc2c1O)Cc1ccccc1,0.3,CHEMBL514954
4139,CC(=O)c1ccc(NCC(=O)NC(c2ccc(C)cc2)c2cc(Cl)c3cccnc3c2O)cc1,0.1,CHEMBL474788
4150,N[C@@H]1CCCN(C1)C1=NC=C(Br)C(=O)N1Cc1cc(F)ccc1C#N,0.7,CHEMBL1650434
4181,Cc1cc(OCC(=O)NC(c2ccccc2Cl)c2cc(Cl)c3cccnc3c2O)ccc1Cl,0.4,CHEMBL473434
4225,CC(=O)N1CCC(CC1)Oc1ccc2OC3(CCN(CC3)C3CCC3)CCc2c1,0.7,CHEMBL2013051
4293,CCCS(=O)(=O)c1cccc(Oc2cccc(c2)-n2c(C)nc3c(cccc23)C(F)(F)F)c1,0.2,CHEMBL604907
4308,CC(C)COC(=O)Nc1ccc(cc1)-c1cnc2c(cnn2c1N)-c1cccc(c1)N1CCN(CC1)S(C)(=O)=O,0.4,CHEMBL1082403
4310,CNc1nc(NCc2ccc(NC(=O)c3cccc(Cl)c3)cc2)c2ccccc2n1,0.3,CHEMBL570418
4316,CN(CC(=O)NC(c1ccc(C)cc1)c1cc(Cl)c2cccnc2c1O)c1ccccc1,0.1,CHEMBL473637
4325,Cc1ccc2c(NCc3ccc(NC(=O)c4ccc(F)cc4)cc3)nc(nc2c1)N1CCNCC1,0.1,CHEMBL568852
4340,CCCNc1nc(NCc2ccc(NC(=O)c3ccc(F)cc3)cc2)c2ccc(C)cc2n1,0.1,CHEMBL570902
4345,COc1ccc(cc1)C1=NO[C@]2([C@@H]1c1ccccc1)C(=O)Nc1cc(Br)ccc21,3.6,CHEMBL3100056
4381,CC1(CCN(C(=O)O1)c1cccc(c1)-c1ccc(F)cc1F)c1ccccc1,1.3,CHEMBL1829754
4446,CN(C)CCOC(c1ccccc1)c1ccccc1,0.1,CHEMBL657
4462,COc1cc2C(=O)N(Cc3ccccc3C#N)C(=Nc2cc1F)N1CCC[C@@H](N)C1,0.6,CHEMBL375508
4473,N[C@@H]1CCCN(C1)C1=NC=C(Br)C(=O)N1Cc1sccc1C#N,0.3,CHEMBL1650430
4502,CCCCCCCCn1cc(CC(N)=O)c2cc(ccc12)-c1cccc(C)c1,0.7,CHEMBL240860
4503,Nc1nnc(-c2cccc(Cl)c2)c(n1)-c1ccccc1,0.5,CHEMBL2024111
4508,COc1ccc(cc1)C1=NO[C@]2([C@@H]1c1ccccc1)C(=O)Nc1cc(Cl)ccc21,3.1,CHEMBL3100050
4527,C[C@H]1[C@@H]2C[C@H](C[C@@H]1NC(=O)CN1CCN(CC1)C1CCCCC1)C2(C)C,0.1,CHEMBL2391376
4531,Cn1cnc(c1)S(=O)(=O)N(CCN(Cc1cncn1C)c1ccc(cc1)C#N)CC1CCN(CC1)c1ncccn1,0.7,CHEMBL384161
4598,CCc1cc(CC)nc(OCCCn2c3CCCC(=O)c3c3cc(ccc23)-c2nc(C)no2)n1,0.5,CHEMBL2179485
4619,C[C@@H]1CCCN([C@@H]1CNC(=O)c1cccc2oc(C)cc12)C(=O)c1nc(C)sc1-c1ccccc1,1.0,CHEMBL2031486
4673,CNc1nc(NCc2ccc(NC(=O)c3ccc(cc3)C(F)(F)F)cc2)c2ccccc2n1,0.5,CHEMBL570417
4713,CCS(=O)(=O)c1cccc(Oc2cccc(c2)-c2c(C)nc3c(cccn23)C(F)(F)F)c1,0.5,CHEMBL595937
4718,CNc1nc(NCc2ccc(NC(=O)c3ccc(Cl)cc3)cc2)c2ccc(C)cc2n1,0.3,CHEMBL577512
4719,Cc1cc(cc(C)n1)-c1nnc(N)nc1-c1ccc(F)cc1,1.7,CHEMBL2024116
4744,Cc1noc(n1)-c1ccc2n(CCC[S+]([O-])c3cc(F)cc(F)c3)c3CCCCc3c2c1,0.3,CHEMBL2179513
4750,[O-][N+](=O)c1cnc(Sc2nc3ccccc3s2)s1,1.2,CHEMBL493539
4769,CNc1nc(NCc2ccc(NC(=O)c3ccc(C)cc3)cc2)c2ccccc2n1,0.3,CHEMBL568823
4783,Oc1c(cc(Cl)c2cccnc12)C(NC(=O)COc1ccccc1)c1ccccc1C#N,0.2,CHEMBL481895
4804,FC(F)(F)C1(CC1)c1ccc(cc1)-c1ccnc(c1)C#N,1.3,CHEMBL2386143
4817,CC(=O)N1CCCN(CCC(=O)NC2CCCCCC2)CC1,1.0,CHEMBL2391381
4826,CS(=O)(=O)c1cccc(c1)-c1ncnc(n1)N1CC(N)C(C1)c1cc(F)c(F)cc1F,3.0,CHEMBL246530
4885,COc1ccccc1N1CCN(CC1)C(=O)c1cc(n[nH]1)-c1ccc(cc1)C#N,0.1,CHEMBL1760212
4912,CCc1nc2c(cccc2n1-c1cccc(Oc2cccc(c2)S(C)(=O)=O)c1)C(F)(F)F,0.5,CHEMBL595936
4922,CC(C)(NC(=O)c1cccc(c1)-c1cc(on1)-c1ccc(CNC2CCOCC2)cc1)C#N,0.7,CHEMBL1683439
4958,N[C@@H]1CCCN(C1)C1=NC=C(C#CCO)C(=O)N1Cc1ccccc1C#N,3.3,CHEMBL1650424
4962,COc1ccc(cc1)C(NC(=O)COc1cccc(c1)N(C)C)c1cc(Cl)c2cccnc2c1O,0.1,CHEMBL469894
4996,CNCCC(c1ccc(Cl)c(Cl)c1)n1ncnn1,1.0,CHEMBL1224381
5002,Cl.Cl.CN(C)CC(C)(C)Cn1c(CC(C)(C)C)nc2cc(\C=C\C(=O)NO)ccc12,0.7,CHEMBL3216984
5003,CN1CCN(CC1)C(=O)c1ccc(NC(=O)Nc2ccc(cc2)C2=NC(=O)N=C(N2)N2CCOCC2)cc1,0.5,CHEMBL1808993
5011,CNC[C@@H](O)CCN1c2ccccc2N(c2ccccc2C)S1(=O)=O,0.1,CHEMBL1085066
5021,Cc1nc2c(cccn2c1-c1cccc(Oc2cccc(c2)S(C)(=O)=O)c1)C(F)(F)F,0.5,CHEMBL605314
5033,CN(C)CC(O)CCN1c2ccccc2N(c2ccccc2)S1(=O)=O,0.1,CHEMBL1086220
5070,Oc1c(cc(Cl)c2cccnc12)C(NC(=O)COc1ccccc1)c1ccc(cc1)[N+]([O-])=O,0.2,CHEMBL482160
5092,CCCOc1ccc(CN\C=C2/C(=O)NC(=O)c3ccc(I)cc23)cc1O,0.3,CHEMBL477861
5096,CC(c1ccc(cc1)-c1ccc(cn1)C#N)C(F)(F)F,0.4,CHEMBL2386151
5168,CNc1nc(NCc2ccc(NC(=O)c3ccc(Cl)cc3)cc2)c2cc(C)ccc2n1,0.1,CHEMBL568853
5170,Oc1c(cc(Cl)c2cccnc12)C(NC(=O)CNCc1ccccc1)c1ccccc1Cl,0.1,CHEMBL475435
5178,CCS(=O)(=O)c1cccc(Oc2ccc(Cl)c(c2)-n2c(C)nc3c(Cl)cccc23)c1,0.4,CHEMBL595249
5189,O=C(N1CCN(CC1)c1ccccn1)c1cccc(c1)C#CCc1ccccc1,0.1,CHEMBL1645007
5192,CC(C)S(=O)(=O)c1cccc(Oc2cccc(c2)-n2c(C)nc3c(cccc23)C(F)(F)F)c1,0.5,CHEMBL594050
5209,CN1CCN(CC1)c1nc(NCc2ccc(NC(=O)c3ccc(F)cc3)cc2)c2ccc(C)cc2n1,0.1,CHEMBL568825
5212,N[C@@H](CC(=O)N1CCC[C@H]1CNS(=O)(=O)C1CC1)Cc1cc(F)c(F)cc1F,2.0,CHEMBL563272
5222,CC(=O)n1cc(C(=O)NOCCO)c(Nc2ccc(I)cc2F)c1C,0.0,CHEMBL1169813
5245,NC1CN(CC1c1cc(F)c(F)cc1F)c1cc(ncn1)-c1cccc(c1)S(=O)(=O)N1CCOCC1,3.0,CHEMBL246322
5264,CN(C)Cc1ccc2c(NCc3ccc(NC(=O)c4ccc(F)cc4)cc3)nc(nc2c1)N(C)C,0.1,CHEMBL569099
5296,CCOc1cc(NC(=N)c2ccccn2)ccc1-c1ccc(o1)-c1ccc(NC(=N)c2ccccn2)cc1OCC,1.3,CHEMBL1276549
5302,CCOC(=O)C1=C(C)N\C(=C\c2cc(C)n(c2C)-c2ccc(cc2)C(F)(F)F)C1=O,0.9,CHEMBL2335990
5304,CCC(=O)NCCCc1cc(OC)ccc1Cc1cccc(OC)c1,0.1,CHEMBL2326202
5317,Cc1ccc2c(NCc3ccc(NC(=O)c4ccc(F)cc4)cc3)nc(nc2c1)N1CCCC1,0.0,CHEMBL569077
5323,CNCC1(CCCCC1)c1cccc2ccccc12,0.1,CHEMBL1683898
5333,CC(C)N1C(=O)C(=Cc2ccccc12)C(=O)N[C@@H]1C[C@@H]2CC[C@H](C1)N2CC(O)CN(C)S(C)(=O)=O,90.0,CHEMBL2087335
5342,Oc1c(cc(F)c2cccnc12)C(NC(=O)COc1ccccc1)c1ccccc1,0.1,CHEMBL482072
5346,CC(C)(C)C(=O)OC1=COC(CSc2nc3cc(ccc3o2)C(O)=O)=CC1=O,0.3,CHEMBL3093814
5413,N[C@@H]1CCCN(C1)C1=Nc2ccc(F)cc2C(=O)N1Cc1ccccc1C#N,0.5,CHEMBL425483
5430,Cc1nc2ccccc2c(-c2ccc3OCCc4ccnc2c34)c1[C@H](OC(C)(C)C)C(O)=O,5.0,CHEMBL3259907
5437,Oc1c(cc(Br)c2cccnc12)C(NC(=O)COc1ccccc1)c1ccccc1Cl,0.2,CHEMBL514963
5487,CNc1nc(NCc2ccc(NC(=O)c3ccc(Cl)cc3)cc2)c2c(C)cccc2n1,0.2,CHEMBL569532
5504,Cn1cnc(c1)S(=O)(=O)N(CCN(Cc1cncn1C)c1ccc(cc1)C#N)CC1CCCCC1,0.1,CHEMBL379766
5530,N[C@@H]1CCCN(C1)C1=NC=C(C#C)C(=O)N1Cc1ccccc1C#N,3.3,CHEMBL1650422
5533,CS(=O)(=O)c1cccc(Oc2cccc(c2)-c2c(CN3CCCCC3)nc3c(cccn23)C(F)(F)F)c1,0.1,CHEMBL612006
5547,Cc1cc(NCC(=O)NC(c2ccccc2Cl)c2cc(Cl)c3cccnc3c2O)ccc1Cl,0.1,CHEMBL482074
5590,OCc1cccc(c1)-c1nc(N2CCOCC2)c2ncn(C3CCN(Cc4ccccc4)CC3)c2n1,0.0,CHEMBL589142
5593,CNC[C@@H](O)CCN1c2ccccc2N(c2ccccc2)S1(=O)=O,0.1,CHEMBL1083409
5624,CCCc1nc(c(C(=O)OC(C)OC(=O)C2CCCCC2)n1Cc1ccc(cc1)-c1ccccc1-c1nnn[nH]1)C(C)(C)O,0.0,CHEMBL1818845
5633,Oc1cc(CN\C=C2/C(=O)NC(=O)c3ccc(I)cc23)ccc1-c1ccoc1,0.5,CHEMBL504547
5640,Cc1cc(cc(C)c1O)-c1nnc(N)nc1-c1ccccc1,1.3,CHEMBL2021950
5670,O=C(C1CC1)N1CCC(CC1)Oc1ccc2OC3(CCN(CC3)C3CCC3)CCc2c1,0.7,CHEMBL2013053
5710,CN(C)C1CCC(CC1)Nc1nc(NCc2cc(Cl)ccc2Cl)ncc1C(=O)NC1CCN(C)CC1,0.9,CHEMBL2312648
5735,FC(F)(F)CCCN1N=C(N=C2C(=O)N(CC3CC3)C(=O)N=C12)c1cccc(c1)C(F)(F)F,0.4,CHEMBL1096941
5751,CN(C)c1nc(NCc2ccc(NC(=O)c3ccc(F)cc3)cc2)c2ccc(cc2n1)C(C)=O,0.0,CHEMBL568821
5787,COC(=O)NCC(O)CN1[C@H]2CC[C@@H]1C[C@@H](C2)NC(=O)C1=Cc2ccccc2N(C(C)C)C1=O,90.0,CHEMBL2087332
5802,CN1CCN(CC1)c1ncnc2c3cc(Cl)ccc3oc12,0.1,CHEMBL1093180
5813,COc1cc(cc2C(=O)NC(=Nc12)C(N)c1cccc(Cl)c1)-c1cn[nH]c1,0.8,CHEMBL2333896
5840,CC(C)[C@H](N)C(=O)OC[C@H]1O[C@H]([C@@H](O)[C@@H]1O)n1cnc2c(N)ncnc12,0.0,CHEMBL511024
5853,Cc1ccc(Oc2ccc(cc2)N(CC(C)(O)C(=O)NO)S(C)(=O)=O)cc1,0.2,CHEMBL401821
5877,CN(CC(=O)NC(c1cccc(c1)[N+]([O-])=O)c1cc(Cl)c2cccnc2c1O)Cc1ccccc1,0.2,CHEMBL473842
5899,N[C@@H]1CCCN(C1)C1=NC=C(Cl)C(=O)N1Cc1ccccc1C#N,3.3,CHEMBL1650405
5934,CC(C)NCC(O)CCN1c2ccccc2N(c2ccccc2)S1(=O)=O,0.1,CHEMBL1084016
5937,CNC(=O)c1ccc(O[C@@H](C)C(=O)N2CCN(C[C@H]2C)C(=O)c2ccccc2)c(OC)c1,2.0,CHEMBL571585
5949,C[C@H](NC(=O)c1cccc(c1)-c1cc(on1)-c1ccc(cc1)N1CCN(C)CC1)C#N,0.0,CHEMBL1683432
5963,Oc1c(cc([N+]([O-])=O)c2cccnc12)C(NC(=O)COc1ccccc1)c1ccccc1,0.1,CHEMBL521273
5976,Cc1ccc2c(NCc3ccc(NC(=O)c4ccc(F)cc4)cc3)nc(nc2c1)N1CCCCC1,0.1,CHEMBL568800
5978,CCS(=O)(=O)c1cccc(Oc2cccc(c2)-n2c(C)nc3c(Cl)cccc23)c1,0.5,CHEMBL593814
6015,Fc1ccc(Nc2c(cnc3c(Cl)cc(NCc4cnc[nH]4)cc23)C#N)cc1Cl,0.6,CHEMBL436817
6050,CCC(=O)NCCCc1cc(OC)ccc1OCc1cccc(OC)c1,0.2,CHEMBL2326199
6051,O=S(=O)(C1CC1)N1CCC(CC1)Oc1ccc2OC3(CCN(CC3)C3CCC3)CCc2c1,0.7,CHEMBL2013050
6074,Cc1cccc(NC(=O)c2cccc(c2)-n2ncc3cc(Nc4ccccc4F)ccc23)c1,0.1,CHEMBL2376920
6085,Cc1ccccc1N1CCN(CC1)C(=O)c1cc(n[nH]1)-c1ccc(Cl)cc1,0.2,CHEMBL1760347
6100,Cc1ccccc1CN(CCN(Cc1cncn1C)c1ccc(cc1)-c1ccccc1)S(=O)(=O)c1cn(C)cn1,0.2,CHEMBL213330
6130,Cc1csc(n1)C1=COc2cc(OCC3CC3)cc(C)c2C1=O,0.3,CHEMBL3133068
6133,N[C@@H]1CCCN(C1)C1=NC2=C(CCCC2)C(=O)N1Cc1ccccc1C#N,0.1,CHEMBL1650413
6138,CCN1C(=O)N=C2N(CCC(C)C)N=C(N=C2C1=O)c1nc2ccccc2s1,0.4,CHEMBL1098304
6162,CC#CC1=CN=C(N2CCC[C@@H](N)C2)N(Cc2ccccc2C#N)C1=O,3.3,CHEMBL1650423
6183,CCCOc1ccc(CN\C=C2/C(=O)NC(=O)c3ccc(I)cc23)cc1O,0.5,CHEMBL477861
6186,CC1=CC(=CC(=O)N1[C@@H](CC1CCCCO1)C(=O)Nc1ncc(Cl)s1)S(=O)(=O)C1CC1,0.6,CHEMBL2346752
6198,CN(C)CCC(c1ccc(Cl)c(Cl)c1)n1ncnn1,0.1,CHEMBL1224303
6213,CC(C)COC(=O)N1CCC(CN(C2CN(Cc3cncn3C)c3ccc(cc3C2)C#N)S(=O)(=O)c2ccccn2)CC1,0.3,CHEMBL392237
6216,CCc1nc2c(cccn2c1-c1cccc(Oc2cccc(c2)S(C)(=O)=O)c1)C(F)(F)F,0.5,CHEMBL611465
6222,CCC1=C([C@@H](NC(=O)N1)c1ccc(O)c(Cl)c1)c1nc(co1)C1CCCCC1,0.9,CHEMBL2011150
6286,CC(C)C(=O)N1CCC(CC1)Oc1ccc2OC3(CCN(CC3)C3CCC3)CCc2c1,0.7,CHEMBL2013052
6303,OC(CCN1c2ccccc2N(c2ccccc2)S1(=O)=O)CNC1CC1,0.1,CHEMBL1084291
6314,N[C@@H](Cc1ccccc1)C(=O)OC[C@H]1O[C@H]([C@@H](O)[C@@H]1O)n1cnc2c(N)ncnc12,0.0,CHEMBL474055
6318,COc1ccccc1N1CCN(CC1)C(=O)c1cc(n[nH]1)-c1ccc(OC(F)(F)F)cc1,0.1,CHEMBL1760209
6339,CNc1nc(NCc2ccc(NC(=O)c3ccc(Cl)cc3)cc2)c2cccc(C)c2n1,0.2,CHEMBL569962
6354,O=C(CCCCCCc1ccccc1)c1ncc(o1)-c1ccccn1,0.0,CHEMBL177577
6358,COc1ccc(CN\C=C2/C(=O)NC(=O)c3ccc(I)cc23)cc1O,0.3,CHEMBL489245
6383,COc1ccc(cc1)C(NC(=O)COc1ccc(Cl)c(C)c1)c1cc(Cl)c2cccnc2c1O,0.1,CHEMBL481364
6416,Cl.ONC(=O)\C=C\c1ccc2n(CCN3CCCC3)c(CCc3ccccc3)nc2c1,0.1,CHEMBL464415
6444,Oc1cc(CN\C=C2/C(=O)NC(=O)c3ccc(I)cc23)ncc1-c1ccoc1,0.4,CHEMBL521922
6492,COc1cc(OC)c(\C=C\S(=O)(=O)Cc2ccc(OC)c(NS(C)(=O)=O)n2)c(OC)c1,1.9,CHEMBL3261277
6503,O=C(NCc1ccccc1)c1ccccc1C(=O)N1CCCC1,0.3,CHEMBL2159746
6507,Cc1noc(C)c1-c1ccc(cc1)-c1nc(C)c([C@H](OC(C)(C)C)C(O)=O)c(-c2ccc(Cl)cc2)c1C,2.7,CHEMBL3287925
6508,OCCN(CCc1c[nH]c2ccccc12)Cc1ccc(\C=C\C(=O)NO)cc1,0.0,CHEMBL356066
6564,Cl.NC1CN(CC1c1cc(F)c(F)cc1F)c1cc(ncn1)-c1ccsc1,3.0,CHEMBL536086
6616,C[C@@H]1CCCN1CCCOc1ccc(cc1)C1=NN(C(=O)C=C1)c1ncccn1,0.7,CHEMBL1829472
6618,CNC[C@H](O)CCN1c2ccccc2N(c2cccc(OC)c2)S1(=O)=O,0.5,CHEMBL1085322
6691,CC1(C)CC(=NNC1=O)c1ccc(OC2CCN(CC2)C2CCC2)cc1,0.7,CHEMBL1950743
6700,CC(C)[C@@H](N)C(=O)OC[C@H]1O[C@H]([C@@H](O)[C@@H]1O)n1cnc2c(N)ncnc12,0.5,CHEMBL475035
6708,CCCOc1ccc(CN\C=C2/C(=O)NC(=O)c3ccc(I)cc23)nc1O,0.5,CHEMBL477863
6719,Cc1ccc(cc1)C#Cc1cccc(c1)C(=O)N1CCN(CC1)c1ccccn1,0.1,CHEMBL1645006
6753,CCCc1nc(c(C(=O)OCC2=C(C)OC(=O)O2)n1Cc1ccc(cc1)-c1ccccc1-c1nnn[nH]1)C(C)(C)O,0.1,CHEMBL1200692
6781,N[C@@H]1CCCN(C1)C1=Nc2cc(N3CCOCC3)c(F)cc2C(=O)N1Cc1ccccc1C#N,0.1,CHEMBL227356
6882,CN(CC(=O)NC(c1cccc(F)c1)c1cc(Cl)c2cccnc2c1O)c1ccccc1,0.2,CHEMBL474201
6897,FC(F)(F)c1ccc(cc1)C1=CC(=O)N(C=C1)c1ccc2n(CCN3CCCC3)ncc2c1,1.7,CHEMBL1290041
6904,COc1ccccc1N1CCN(CC1)C(=O)c1cc(n[nH]1)-c1ccc(F)cc1,0.1,CHEMBL1760337
6930,C[C@@H]1CCCN1CCCOc1ccc(cc1)C1=NN(C)C(=O)C=C1,0.7,CHEMBL1813057
6937,N[C@@H]1CCCN(C1)C1=NC=C(Cl)C(=O)N1Cc1cc(F)ccc1C#N,2.0,CHEMBL1650433
6985,CCS(=O)(=O)C1=CC(=O)N(C=C1)[C@@H](CC1CCOCC1)C(=O)Nc1ccc(C)cn1,2.0,CHEMBL1783749
7002,Cc1ccc(Nc2nc(cs2)-c2ccccc2)nc1,0.2,CHEMBL1385573
7009,CC(=O)Nc1ccc(NCC(=O)NC(c2cccc(c2)[N+]([O-])=O)c2cc(Cl)c3cccnc3c2O)cc1,0.5,CHEMBL475668
7014,Oc1cc(CN\C=C2/C(=O)NC(=O)c3ccc(I)cc23)ccc1-c1ccoc1,0.3,CHEMBL504547
7076,COc1ccc2N=C(N3CCC[C@@H](N)C3)N(Cc3ccccc3C#N)C(=O)c2c1,0.2,CHEMBL227670
7126,CC(C)Oc1cc(NC(=N)c2ccccn2)ccc1-c1ccc(o1)-c1ccc(NC(=N)c2ccccn2)cc1OC(C)C,2.0,CHEMBL1275764
7128,CN(C)c1nc(NCc2ccc(NC(=O)c3ccc(F)cc3)cc2)c2ccc(C)cc2n1,0.2,CHEMBL568851
7169,CN(C)c1nc(NCc2ccc(NC(=O)c3ccc(F)cc3)cc2)c2ccc(cc2n1)C#N,0.2,CHEMBL583471
7191,CC1=C(C)C(=O)N(Cc2ccccc2C#N)C(=N1)N1CCC[C@@H](N)C1,0.2,CHEMBL1650409
7225,COc1ccc2cc(CC\C(C)=N\O)ccc2c1,1.0,CHEMBL202376
7257,CN1C(=O)Nc2ccc(c(CN)c12)-c1ccccc1Cl,1.3,CHEMBL257852
7288,N[C@@H]1CCCN(C1)C1=NC=C(\C=C\c2ccccc2)C(=O)N1Cc1ccccc1C#N,0.6,CHEMBL1650427
7291,CC(C)NCc1ccc(cc1)-c1cc(no1)-c1cccc(c1)C(=O)N[C@H](C)C#N,0.9,CHEMBL1683436
7306,NC1CN(CC1c1cc(F)c(F)cc1F)c1cc(ncn1)-c1ccc(cc1)C(O)=O,3.0,CHEMBL245780
7317,Cc1c(Br)c(nn1C)C(=O)N1CCN(CC(=O)c2ccc(F)cc2)CC1,0.5,CHEMBL1214878
7336,CC(C)N1CCN(CC1)C(=O)c1ccc(CN2CCCCC2)nc1,1.7,CHEMBL1783893
7357,CN1CCN(CC1)c1ccc(cc1Br)-c1cc(n[nH]1)-c1cccc(c1)C(=O)NCC#N,0.1,CHEMBL1683424
7434,CCOc1cc2OC=C(c3nc(C)cs3)C(=O)c2cc1CC,0.3,CHEMBL3133075
7479,CCc1ccccc1N1CCN(CC1)C(=O)c1cc(n[nH]1)-c1ccc(Cl)cc1,0.1,CHEMBL1760349
7540,CC(C)COC(=O)Nc1ccc(cc1)-c1cnc2c(cnn2c1N)-c1cccc(c1)N1CCNCC1,0.8,CHEMBL1083644
7545,CN1CCc2cc(ccc2C1)-c1ccc2oc3c(N(CCN4CCCC4C(N)=O)C(=O)N=C3c3ccccc3)c2c1,1.0,CHEMBL2376391
7636,CCN1N=C(N=C2C(=O)N(C)C(=O)N=C12)c1cccc(Cl)c1,48.2,CHEMBL1094980
7642,C[C@@H]1CCCN1CCc1ccc(cc1)C1=NN(C(=O)C=C1)c1ccc(F)cc1,0.7,CHEMBL1917468
7650,Cn1cc(Br)c(n1)C(=O)N1CCN(CCc2ccc(F)cc2)CC1,0.2,CHEMBL1215727
7652,COc1cnc(CN\C=C2/C(=O)NC(=O)c3ccc(I)cc23)cc1O,0.5,CHEMBL477063
7692,NC1CN(CC1c1ccc(F)cc1Cl)c1cc(ncn1)-c1ccsc1,3.0,CHEMBL247182
7727,CNCC(F)(F)CN1c2ccccc2N(c2ccccc2F)S1(=O)=O,0.0,CHEMBL1085830
7728,CCOC(=O)N1CCC(CN(C2CN(Cc3cncn3C)c3ccc(cc3C2)C#N)S(=O)(=O)c2ccccn2)CC1,0.2,CHEMBL232523
7730,COc1ccc(cc1)C(NC(=O)COc1ccc(NC(C)=O)cc1)c1cc(Cl)c2cccnc2c1O,0.3,CHEMBL480379
7772,CN1CCN(CC1)c1ccc(cc1)-c1cc(no1)-c1cccc(c1)C(=O)NCC#N,0.0,CHEMBL1683430
7822,CNC[C@H](O)CCN1c2ccccc2N(c2ccccc2C)S1(=O)=O,0.1,CHEMBL1082292
7851,CCOP(O)(=O)C1=C[C@@H](OC(CC)CC)[C@H](NC(C)=O)[C@H](C1)NC(N)=N,12.0,CHEMBL2206932
7905,O=C(N1CCN(CC1)c1ccccc1)c1cc(n[nH]1)-c1ccccc1,0.1,CHEMBL1760350
7927,CN(CC(=O)NC(c1ccccc1Cl)c1cc(Cl)c2cccnc2c1O)c1ccccc1,0.1,CHEMBL475436
7937,Cc1ccccc1CN(CCN(Cc1cncn1C)c1ccc(cc1)C#N)S(=O)(=O)c1cn(C)cn1,0.3,CHEMBL214610
7954,CNCCC(c1ccc2cc(F)ccc2c1)n1nnc(C)n1,0.5,CHEMBL1224301
7982,CC(C)(C)c1ccc(cc1)-c1ccc(F)cn1,0.4,CHEMBL2386140
8033,CC(C)C[C@H](N)C(=O)OC[C@H]1O[C@H]([C@@H](O)[C@@H]1O)n1cnc2c(N)ncnc12,0.1,CHEMBL475206
8061,COc1ccc(CN\C=C2/C(=O)NC(=O)c3ccc(I)cc23)cc1O,0.1,CHEMBL489245
8090,FCCCc1ccc2N(CCN3CCCCCC3)C(=O)Sc2c1,0.2,CHEMBL2181924
8158,CCC1=C([C@@H](NC(=O)N1)c1ccc(O)c(Cl)c1)c1nc(cs1)C1CCCCC1,0.5,CHEMBL2011151
8160,Oc1ccc(cc1)[N+]([O-])=O,0.3,CHEMBL14130
8175,NC1CN(CC1c1cc(F)c(F)cc1F)c1cc(ncn1)-c1cccc(c1)C(O)=O,3.0,CHEMBL245585
8221,CC(C)(C)NCC(O)CCN1c2ccccc2N(c2ccccc2)S1(=O)=O,0.1,CHEMBL1084292
8229,CN(C)c1nc(NCc2ccc(NC(=O)c3ccc(F)cc3)cc2)c2ccc(CO)cc2n1,0.4,CHEMBL569098
8236,CC(C)(C)OC(=O)CCCc1ccc(cc1)N(CCCl)CCCl,2.0,CHEMBL571230
8267,Clc1ccc(Cl)c(CNc2ncc(C(=O)NCCCN3CCOC3=O)c(NC3CCCC3)n2)c1,0.1,CHEMBL2312304
8270,Oc1cc(CN\C=C2/C(=O)NC(=O)c3ccc(I)cc23)ncc1-c1ccoc1,0.5,CHEMBL521922
8279,O=S1(=O)CCC(COc2ccc3OC4(CCN(CC4)C4CCC4)CCc3c2)CC1,0.7,CHEMBL1935426
8330,CN(C)CCC(c1ccc2ccccc2c1)n1ncnn1,0.1,CHEMBL1224224
8334,CCC1=C([C@@H](NC(=O)N1)c1ccc(O)c(Cl)c1)C(=O)CCC1CCCCC1,0.1,CHEMBL2011141
8339,O=C(N1CCN(CC1)c1ccccn1)c1cccc(c1)C#Cc1ccccc1,0.1,CHEMBL1645002
8341,CNC(=O)c1ccc2C(=O)N(C=Nc2c1)[C@@H](CC1CCCCC1)C(=O)Nc1ncc(Cl)s1,0.1,CHEMBL2346891
8343,Cn1cncc1CN1CC(Cc2cc(ccc12)C#N)N(CCn1cccc1)S(=O)(=O)c1ccccn1,0.2,CHEMBL428712
8364,COc1ccc(cn1)-c1ccc2nc(NCc3ccc(cc3)S(N)(=O)=O)nc(NC3(CC3)C#N)c2n1,1.6,CHEMBL2018277
8392,CCc1cc(CC)nc(OCCCn2c3CCC(F)(F)Cc3c3cc(ccc23)-c2nc(C)no2)n1,0.3,CHEMBL2179487
8419,COc1ccccc1N1CCN(CC1)C(=O)c1cc(n[nH]1)-c1ccccc1,0.1,CHEMBL1760200
8423,COc1cccc2C(=O)N(Cc3ccccc3C#N)C(=Nc12)N1CCCC(N)C1,0.1,CHEMBL390776
8449,CC(C)N1C(=O)C(=Cc2ccccc12)C(=O)N[C@@H]1C[C@@H]2CC[C@H](C1)N2C[C@@H](O)CN1CCN(CC1)S(C)(=O)=O,1.5,CHEMBL538635
8464,CN1CCC(CC1)NC(=O)c1cnc(NCc2cc(Cl)ccc2Cl)nc1NC1CCCC1,1.0,CHEMBL2312646
8465,CCCCCCCCn1cc(CN(CC)CC)c2cc(ccc12)-c1cccc(C)c1,0.4,CHEMBL1258659
8474,Cc1cc(C)cc(c1)-c1nnc(N)nc1-c1ccccc1,0.1,CHEMBL2024113
8497,CC[C@H](C)[C@H](N)C(=O)OC[C@H]1O[C@H]([C@@H](O)[C@@H]1O)n1cnc2c(N)ncnc12,0.1,CHEMBL515278
8509,N[C@H](Cc1ccccc1)C(=O)OC[C@H]1O[C@H]([C@@H](O)[C@@H]1O)n1cnc2c(N)ncnc12,0.1,CHEMBL475036
8513,CCC(N1CCN(CC1)C1CCCC1)C(=O)NC1CCCCC1,0.1,CHEMBL2391358
8553,C[C@@H]1CCCN([C@@H]1CNc1nc2ccccc2o1)C(=O)c1nc(C)sc1-c1ccccc1,1.0,CHEMBL2031493
8585,CNC[C@H](O)CCN1c2ccccc2N(c2ccccc2Cl)S1(=O)=O,0.1,CHEMBL1082459
8602,CC1=CC(=CC(=O)N1[C@@H](CC1CCCCC1)C(=O)Nc1nccs1)S(=O)(=O)C1CCCC1,0.1,CHEMBL2346761
8623,CNC[C@@H](O)CCN1c2ccccc2N(c2ccccc2F)S1(=O)=O,0.1,CHEMBL1082458
8663,Fc1cccc(c1)S(=O)(=O)c1ccc2c3CCNC4(CCOCC4)c3oc2c1,0.4,CHEMBL1935599
8676,CS(=O)(=O)c1cccc(Oc2cccc(c2)-n2c(nc3c(cccc23)C(F)(F)F)C(F)(F)F)c1,0.5,CHEMBL605730
8682,N[C@@H]1CCCN(C1)C1=Nc2ccccc2C(=O)N1Cc1ccccc1C#N,0.0,CHEMBL227954
8684,N[C@@H]1CCCN(C1)C1=NC=C(C(=O)N1Cc1ccccc1C#N)c1ccccc1,0.0,CHEMBL1650414
8703,[2H]C([2H])([2H])N1CCN(Cc2ccc(cc2)C(=O)Nc2ccc(C)c(Nc3nccc(n3)-c3cccnc3)c2)CC1,0.3,CHEMBL2386595
8711,CC(C)N1C(=O)C(=Cc2ccccc12)C(=O)N[C@@H]1C[C@@H]2CC[C@H](C1)N2C[C@@H](O)CN1CCN(CC1)S(C)(=O)=O,90.0,CHEMBL538635
8714,CCNCC(O)CCN1c2ccccc2N(c2ccccc2)S1(=O)=O,0.1,CHEMBL1084015
8726,CNc1nc(NCc2ccc(NC(=O)c3ccc(F)cc3)cc2)c2ccc(C)cc2n1,0.5,CHEMBL583050
8740,CC(=O)Nc1ccc(OCC(=O)NC(c2cccc(F)c2)c2cc(Cl)c3cccnc3c2O)cc1,0.1,CHEMBL480767
8755,Cc1nc2c(cccc2n1-c1cccc(Oc2cc(F)cc(c2)S(C)(=O)=O)c1)C(F)(F)F,0.5,CHEMBL594983
8760,CCS(=O)(=O)c1cc(F)cc(Oc2cccc(c2)-n2c(C)nc3c(cccc23)C(F)(F)F)c1,0.5,CHEMBL594984
8761,Nc1nnc(-c2cc(Cl)cc(Cl)c2)c(n1)-c1ccccc1,1.8,CHEMBL2024112
8764,N[C@@H]1CCCN(C1)C1=NC=CC(=O)N1Cc1ccccc1C#N,2.2,CHEMBL1650403
8781,ONC(=O)\C=C\c1ccc2n(CCN3CCCC3)c(CCc3ccccc3)nc2c1,0.1,CHEMBL491316
8787,Cc1nc2cc(C)ccn2c1C(=O)NCc1ccccc1,0.3,CHEMBL1951792
8806,CN(C)CC1(CCCCC1)c1cccc2ccccc12,0.4,CHEMBL1683899
8810,COc1ccccc1CNc1ncc(C(=O)NCCc2nnn[nH]2)c(NC2CCCC2)n1,0.4,CHEMBL2312643
8820,CNC[C@@H](C)CN1c2ccccc2N(c2ccccc2F)S1(=O)=O,0.0,CHEMBL1085233
8827,CC(C)COC(=O)Nc1ccc(cc1)-c1cnc2c(cnn2c1N)-c1cccc(c1)N1CCN(C)CC1,0.0,CHEMBL1085317
8855,Cc1noc(n1)-c1ccc2n(CCCOc3ccc(F)c(F)c3)c3CCCCc3c2c1,0.6,CHEMBL2179509
8885,CCC(C)(C)Cc1c[nH]c(CCc2ccc(cc2)-c2ccccn2)n1,0.0,CHEMBL1091720
8899,CC(C)Oc1cc(NC(=N)c2ccccn2)ccc1-c1ccc(o1)-c1ccc(NC(=N)c2ccccn2)cc1OC(C)C,1.6,CHEMBL1275764
8911,CNCC(O)CCN1c2ccccc2N(c2ccccc2)S1(=O)=O,0.2,CHEMBL1083393
8933,CC(C)N1C(=O)C(=Cc2ccccc12)C(=O)N[C@@H]1C[C@@H]2CC[C@H](C1)N2CC(O)CNC(C)=O,90.0,CHEMBL2087324
8936,Cc1cc(C(NC(=O)COc2ccccc2)c2ccccc2Cl)c(O)c2ncccc12,0.1,CHEMBL475771
8939,CNC[C@H](O)CCN1c2ccccc2N(c2ccccc2F)S1(=O)=O,0.2,CHEMBL1083410
8995,C[C@@H]1CN(CCN1)c1nc(NCc2ccc(NC(=O)c3ccc(F)cc3)cc2)c2ccc(C)cc2n1,0.1,CHEMBL570194
9098,C[C@@H]1CCCN1CCCOc1ccc(cc1F)C1=NN(C)C(=O)C=C1,0.7,CHEMBL1829477
9110,C[C@@H]1CCCN1CCc1ccc(cc1)C1=NN(C)C(=O)C=C1,0.7,CHEMBL1917464
9116,CN(C)C(=N)\N=C(/N)NSc1ccccc1,0.0,CHEMBL555524
9157,CC(C)(C(O)=O)c1ccc(cc1)-c1ccc(cn1)C#N,2.3,CHEMBL2386148
9163,CC(C)S(=O)(=O)C1=CC(=O)N(C=C1)[C@@H](CC1CCC(F)(F)CC1)C(=O)Nc1ccc(C)cn1,0.7,CHEMBL1783748
9187,N[C@@H]1CCCN(C1)C1=Nc2ccc(Br)cc2C(=O)N1Cc1ccccc1C#N,0.6,CHEMBL227676
9200,COc1cc(cc(OC)c1OC)C(=O)c1c[nH]c(n1)-c1ccc(C)cc1,0.3,CHEMBL1272023
9203,CNC[C@H](O)CCN1c2ccccc2N(c2ccccc2)S1(=O)=O,0.3,CHEMBL1083408
9228,Cl.Cl.CCCCCCc1nc2cc(\C=C\C(=O)NO)ccc2n1CCN(C)C,0.2,CHEMBL3215869
9231,Oc1c(cc(Cl)c2cccnc12)C(NC(=O)COc1ccccc1)c1ccccc1C(F)(F)F,0.3,CHEMBL482362
9324,CNC(=O)c1cccc(F)c1Nc1nc(Nc2ccc3c(NC(=O)CCC3(C)C)c2)ncc1Cl,0.3,CHEMBL1644811
9356,NC(=O)COc1ccccc1N1CCN(CC1)C(=O)c1cc(n[nH]1)-c1ccc(Cl)cc1,0.5,CHEMBL1760333
9505,Cc1nc2c(Cl)cccc2n1-c1cccc(Oc2cccc(c2)S(C)(=O)=O)c1,0.5,CHEMBL594994
9574,CCC1CCC(CC(=O)C2=C(CC)NC(=O)N[C@H]2c2ccc(O)c(Cl)c2)CC1,0.3,CHEMBL2011147
9591,Cc1nc2c(Cl)cccc2n1-c1cc(Oc2cc(F)cc(c2)S(C)(=O)=O)ccc1Cl,0.5,CHEMBL595455
9624,C[C@@H]1CCCN1CCCOc1ccc2C3=NN(C)C(=O)C=C3CCc2c1,0.7,CHEMBL2031470
9625,CC(C)C[C@@H](N)C(=O)OC[C@H]1O[C@H]([C@@H](O)[C@@H]1O)n1cnc2c(N)ncnc12,0.1,CHEMBL474030
9640,N[C@@H]1CCCN(C1)C1=NC=C(c2cc[nH]c2)C(=O)N1Cc1ccccc1C#N,1.2,CHEMBL1650420
9644,NS(=O)(=O)c1ccc(CNc2nc(NC3(CC3)C#N)c3nc(ccc3n2)-c2ccc(F)nc2)cc1,6.6,CHEMBL2018281
9650,OCCC1Oc2ccc(NC(=O)C3CCN(CC3)c3cc(F)c(F)c(F)c3)cc2NC1=O,1.3,CHEMBL446545
9659,CS(=O)(=O)c1cccc(Oc2cccc(c2)-n2c(nc3c(cccc23)C(F)(F)F)C2CC2)c1,0.5,CHEMBL595011
9666,CS(=O)(=O)c1cccc(Oc2cccc(c2)-c2c(Cc3ccccc3)nc3c(cccn23)C(F)(F)F)c1,0.1,CHEMBL611735
9668,O=C(CCN1CCN(CC1)C(=O)C1CC1)NC1CCCCC1,1.0,CHEMBL2391363
9688,CNC[C@@H](O)CCN1c2ccccc2N(c2ccc(F)c(F)c2)S1(=O)=O,0.5,CHEMBL1082611
9716,COc1ccccc1CN1CCN(CC1)C(=O)c1cc(n[nH]1)-c1ccc(Cl)cc1,0.1,CHEMBL1760339
9741,Oc1c(cc(Cl)c2cccnc12)C(NC(=O)COc1cccnc1)c1cccc(F)c1,0.5,CHEMBL480929
9777,CN(CC(=O)NC(c1ccc(C)cc1)c1cc(Cl)c2cccnc2c1O)Cc1ccccc1,0.3,CHEMBL473638
9797,Cn1cnc(c1)S(=O)(=O)N(Cc1ccc(o1)C(F)(F)F)C1CN(Cc2cncn2C)c2ccc(cc2C1)C#N,0.3,CHEMBL234579
9800,O=C(NCC#N)c1cccc(c1)-c1cc(on1)-c1ccc(CNC2CCOCC2)cc1,2.9,CHEMBL1683438
9822,CC1(CC1)c1ccc(cc1)-c1ccc(cn1)C#N,0.2,CHEMBL2386152
9830,CC(=O)N1CC2CC(C1)CN(C2)C(=O)CN1CCC[C@H](NS(=O)(=O)c2ccc3cc(Cl)ccc3c2)C1=O,0.0,CHEMBL1923469
9833,Oc1c(cc([N+]([O-])=O)c2cccnc12)C(NC(=O)COc1ccccc1)c1ccccc1Cl,0.1,CHEMBL475265
9857,CNC(=O)c1cccc(F)c1Nc1nc(Nc2ccc3c(NC(=O)[C@@H](CC3(C)C)NC(=O)N3CCCC3)c2)ncc1Cl,0.3,CHEMBL1939491
9883,Oc1c(cc(Cl)c2cccnc12)C(NC(=O)COc1cccnc1)c1cccc(c1)[N+]([O-])=O,0.5,CHEMBL519468
9941,CC1(C)NCCc2c1oc1cc(ccc21)S(=O)(=O)c1cccc(F)c1,0.3,CHEMBL1935594
9976,CNC(C)CCN1c2ccccc2N(c2ccccc2F)S1(=O)=O,0.0,CHEMBL1085339
9985,Cc1cnc(NC(=O)[C@H](CC2CCCC2)N2C=CC(=CC2=O)S(C)(=O)=O)cn1,0.9,CHEMBL1270959
10001,Clc1cc2C(=O)NC=Cc2cc1NC(=O)C(NC1CC1)c1ccccc1,0.1,CHEMBL1084106
10007,Cc1ccc2c(NCc3ccc(NC(=O)c4ccc(F)cc4)cc3)nc(nc2c1)N1CCC1,0.1,CHEMBL569004
10008,CNC[C@H](C)CN1c2ccccc2N(c2ccccc2F)S1(=O)=O,0.0,CHEMBL1083741
10012,CC(C)N1C(=O)C(=Cc2ccccc12)C(=O)N[C@@H]1C[C@@H]2CC[C@H](C1)N2C[C@H](O)CN(C)S(C)(=O)=O,90.0,CHEMBL2087336
10031,Nc1nccc(n1)-c1ccc2nc(sc2c1)C1COc2ccccc2C1,0.4,CHEMBL1079782
10050,CCS(=O)(=O)c1cccc(Oc2cccc(c2)-n2c(C)nc3c(cccc23)C(F)(F)F)c1,0.5,CHEMBL595483
10062,Cc1cc(cc(n1)C(F)(F)F)-c1nnc(N)nc1-c1ccc(F)cc1,1.6,CHEMBL2024120
10069,Nc1cccc(c1)C#Cc1cccc(c1)C(=O)N1CCN(CC1)c1ccccn1,0.0,CHEMBL1645004
10113,CNC[C@H](O)CCN1c2ccccc2N(c2ccc(F)cc2F)S1(=O)=O,0.5,CHEMBL1084311
10117,CN1CCC(CC1)NC(=O)c1cnc(NCc2cc(Cl)ccc2Cl)nc1NC1CCNCC1,1.0,CHEMBL2312647
10120,COc1ccccc1N1CCN(CC1)C(=O)c1cc(n[nH]1)-c1ccc(cc1)C(F)(F)F,0.1,CHEMBL1760198
10137,O=C(N[C@H]1CN2CCC1CC2)c1cc2ccoc2cn1,0.7,CHEMBL214268
10145,CS(=O)(=O)CCCOc1ccc2OC3(CCN(CC3)C3CCC3)CCc2c1,0.7,CHEMBL1935416
10155,CNc1nc(NCc2ccc(NC(=O)c3ccc(F)cc3)cc2)c2c(C)cccc2n1,0.3,CHEMBL584735
10157,COc1ccc2cc(CC\C(C)=N\O)ccc2c1,0.0,CHEMBL202376
10169,CC(=O)n1cc(C(O)=O)c(Nc2ccc(I)cc2F)c1C,0.3,CHEMBL1170596
10203,N[C@@H]1CCCN(C1)C1=Nc2cccc(F)c2C(=O)N1Cc1ccccc1C#N,0.0,CHEMBL227464
10208,CCC1=CN=C(N2CCC[C@@H](N)C2)N(Cc2ccccc2C#N)C1=O,0.1,CHEMBL1650410
10209,COc1cc(NC(=O)c2cccc(c2)-n2ncc3cc(Nc4ccccc4)ccc23)cc(OC)c1OC,0.1,CHEMBL2376909
10210,Cc1noc(n1)-c1ccc2n(CCCS(=O)(=O)c3cc(F)cc(F)c3)c3CCCCc3c2c1,0.3,CHEMBL2179512
10237,CC(C)S(=O)(=O)c1cccc(Oc2ccc(Cl)c(c2)-n2c(C)nc3c(Cl)cccc23)c1,0.3,CHEMBL595454
10251,Cc1cc(cc(C)n1)-c1nnc(N)nc1-c1cc(F)cc(F)c1,1.7,CHEMBL2024117
10269,CC(C)c1nc2c(cccc2n1-c1cccc(Oc2cccc(c2)S(C)(=O)=O)c1)C(F)(F)F,0.5,CHEMBL603636
10278,CNC[C@@H](O)CCN1c2ccccc2N(c2c(F)cccc2F)S1(=O)=O,0.1,CHEMBL1083429
10321,CN1C\C=C\CCOc2cccc(c2)-c2ccnc(Nc3cccc(C1)c3)n2,0.2,CHEMBL1944698
10323,Fc1ccc(nc1)-c1ccc(cc1)C1(CC1)C(F)(F)F,6.8,CHEMBL2386141
10336,CN(C)CC1(CCCCC1)c1cccc(Cl)c1,0.1,CHEMBL1683886
10338,CN(C)c1cccc(OCC(=O)NC(c2cccc(F)c2)c2cc(Cl)c3cccnc3c2O)c1,0.1,CHEMBL480766
10357,Oc1c(cc(Cl)c2cccnc12)C(NC(=O)COCc1ccccc1)c1cccc(F)c1,0.4,CHEMBL482171
10421,CC(C)N1C(=O)C(=Cc2ccccc12)C(=O)N[C@@H]1C[C@@H]2CC[C@H](C1)N2C[C@@H](O)CN(C)S(C)(=O)=O,90.0,CHEMBL2087337
10476,CC(C)N1C(=O)C(=Cc2ccccc12)C(=O)N[C@@H]1C[C@@H]2CC[C@H](C1)N2CC(O)CN(C)C(N)=O,90.0,CHEMBL2087327
10480,CCc1ccc2c(NCc3ccc(NC(=O)c4ccc(F)cc4)cc3)nc(nc2c1)N(C)C,0.1,CHEMBL569231
10483,COc1ccccc1N1CCN(CC1)C(=O)c1cc(n[nH]1)-c1ccc(Cl)cc1Cl,0.8,CHEMBL1760213
10494,C[C@H](COc1ccc(cc1)C1=NN(C)C(=O)C=C1)CN1CCC[C@H]1C,0.7,CHEMBL1829485
10539,CC(C)(C)C(=O)OC1=CN(C(CSc2nc3cc(ccc3o2)C(O)=O)=CC1=O)c1ccccc1,1.4,CHEMBL3093806
10544,CC(C)(C)c1ccc(cc1)-c1ccc(cn1)C#N,0.5,CHEMBL2386145
10562,CC(C)NC(=O)c1cccc(c1)-c1cc(on1)-c1ccc(CNC2CCOCC2)cc1,0.7,CHEMBL1683437
10563,CNc1nc(NCc2ccc(NC(=O)c3ccc(F)cc3)cc2)c2ccccc2n1,0.3,CHEMBL569102
10566,COc1ccccc1N1CCN([C@@H](C)C1)C(=O)c1cc(n[nH]1)-c1ccc(Cl)cc1,0.0,CHEMBL1760202
10646,NC1CN(CC1c1cc(F)c(F)cc1F)c1cc(ncn1)-c1ccsc1,3.0,CHEMBL395426
10703,NC1CN(CC1c1cc(F)c(F)cc1Cl)c1cc(ncn1)-c1ccsc1,3.0,CHEMBL246574
10705,CNC[C@@H](O)CCN1c2ccccc2N(c2ccc(F)cc2)S1(=O)=O,0.5,CHEMBL1084829
10709,CN1CCN(Cc2ccc(cc2)C(=O)Nc2ccc(C)c(Nc3nccc(n3)-c3cccnc3)c2)CC1,0.4,CHEMBL941
10726,CNCC(=O)CCN1c2ccccc2N(c2ccccc2F)S1(=O)=O,0.0,CHEMBL1083392
10740,NC1CN(CC1c1ccc(Cl)cc1Cl)c1cc(ncn1)-c1ccsc1,3.0,CHEMBL392432
10751,Cc1noc(n1)-c1ccc2n(CCCSc3cc(F)cc(F)c3)c3CCC(F)(F)Cc3c2c1,0.1,CHEMBL2179486
10788,NC(=O)c1ccsc1NC(=O)Cc1ccccc1Cl,0.5,CHEMBL1767255
10792,Cc1csc(n1)C1=COc2cccc(C)c2C1=O,0.2,CHEMBL3133070
10877,N[C@@H]1CCCN(C1)C1=NC=C(c2ccoc2)C(=O)N1Cc1ccccc1C#N,0.1,CHEMBL1650418
10892,CNCC1(CCCCC1)c1cccc(Cl)c1,0.7,CHEMBL1683887
10893,CC(C)(C)C(=O)Oc1ccc(cc1)S(=O)(=O)Nc1ccccc1C(=O)NCC(O)=O,0.3,CHEMBL76688
10900,Cn1cnc(c1)S(=O)(=O)N(CC(=O)NC(C)(C)C)C1CN(Cc2cncn2C)c2ccc(cc2C1)-c1ccccc1,2.8,CHEMBL443364
10942,COC(=O)N1CCC(CN(C2CN(Cc3cncn3C)c3ccc(cc3C2)C#N)S(=O)(=O)c2ccccn2)CC1,0.2,CHEMBL232104
10944,COc1ccccc1N1CCN(CC1)C(=O)c1cc(n[nH]1)-c1ccc(Cl)cc1,0.1,CHEMBL1760338
10975,CCCCN1N=C(N=C2C(=O)N(C)C(=O)N=C12)c1nc2ccccc2s1,0.8,CHEMBL564316
